epoch	steps	train_loss	val_loss	val_acc	val_f1
1	69	0.859783	0.192846	0.991870	0.990427
2	69	0.118741	0.055572	0.991870	0.990427
3	69	0.032375	0.052203	0.991870	0.990427
